{
  "grid_ids": [
    732,
    733,
    734,
    735,
    794,
    795,
    796,
    797,
    861,
    862,
    863,
    864,
    932,
    933,
    934,
    935
  ],
  "lum": {
    "lum_norm": {
      "mean": 0.0,
      "p10": 0.0,
      "p90": 0.0,
      "max": 0.0
    },
    "lum_adjacency_norm": {
      "mean": 0.8338541666666666,
      "p10": 0.7458333333333332,
      "p90": 0.9166666666666666,
      "max": 1.0
    },
    "lum_intensity_norm": {
      "mean": 0.9068679994910098,
      "p10": 0.8479652831873561,
      "p90": 0.9504106781914128,
      "max": 1.0
    },
    "lum_proximity_norm": {
      "mean": 0.0,
      "p10": 0.0,
      "p90": 0.0,
      "max": 0.0
    }
  },
  "built": {
    "single_family_ha": {
      "mean": 0.0,
      "p10": 0.0,
      "p90": 0.0,
      "max": 0.0
    },
    "multi_family_ha": {
      "mean": 23.416347826069714,
      "p10": 5.741044374920666,
      "p90": 34.07784517816572,
      "max": 37.20945354177295
    },
    "facility_neighborhood_ha": {
      "mean": 0.0,
      "p10": 0.0,
      "p90": 0.0,
      "max": 0.0
    },
    "facility_sales_ha": {
      "mean": 0.0,
      "p10": 0.0,
      "p90": 0.0,
      "max": 0.0
    },
    "facility_office_ha": {
      "mean": 0.0,
      "p10": 0.0,
      "p90": 0.0,
      "max": 0.0
    },
    "facility_education_ha": {
      "mean": 0.0,
      "p10": 0.0,
      "p90": 0.0,
      "max": 0.0
    },
    "facility_industrial_ha": {
      "mean": 23.407949951480976,
      "p10": 5.741044374920666,
      "p90": 34.07784517816572,
      "max": 37.20945354177295
    },
    "parks_green_ha": {
      "mean": 0.0,
      "p10": 0.0,
      "p90": 0.0,
      "max": 0.0
    },
    "water_area_ha": {
      "mean": 0.0,
      "p10": 0.0,
      "p90": 0.0,
      "max": 0.0
    }
  },
  "transport": {
    "subway_influence_ha": {
      "mean": 0.0,
      "p10": 0.0,
      "p90": 0.0,
      "max": 0.0
    },
    "road_area_ha": {
      "mean": 0.687898701003385,
      "p10": 0.3743228141776541,
      "p90": 1.0146179215076492,
      "max": 1.4301469653742207
    },
    "bus_routes_cnt": {
      "mean": 0.0,
      "p10": 0.0,
      "p90": 0.0,
      "max": 0.0
    }
  },
  "subway_presence": 0.0
}