{
  "count": 1,
  "energy_stats": {
    "min": 4212.869427843703,
    "max": 4212.869427843703,
    "mean": 4212.869427843703
  },
  "developed_ratio_stats": {
    "min": 1.3433905476777772,
    "max": 1.3433905476777772,
    "mean": 1.3433905476777772
  },
  "solutions": [
    {
      "energy_total_mwh": 4212.869427843703,
      "cooling_mwh": 1420.8069283615384,
      "heating_mwh": 2792.0624994821646,
      "other_mwh": 3205.8667533870075,
      "developed_ratio": 1.3433905476777772,
      "energy_balance": 1.4226309061050415,
      "multi_family_sum": 0.7511517602987782,
      "industrial_sum": 131.75443368180066,
      "road_sum": 9.593309629936904,
      "ci_mean": 0.014246389007022981,
      "vci_mean": 0.6245202276347064,
      "gi_mean": 0.10099716273239909,
      "li_mean": 0.29207773267195986
    }
  ]
}